{"cameraMode":{"drawMode":0,"name":"Shaded","section":"Shading Mode"},"sceneLighting":false,"audioPlay":false,"sceneViewState":{"m_AlwaysRefresh":true,"showFog":true,"showSkybox":true,"showFlares":true,"showImageEffects":true,"showParticleSystems":true,"showVisualEffectGraphs":true,"m_FxEnabled":true},"in2DMode":false,"pivot":{"x":-29.562389373779298,"y":528.5098876953125,"z":-122.52754974365235},"rotation":{"x":-0.02280697226524353,"y":0.00809500738978386,"z":-0.0001846474187914282,"w":-0.9997076392173767},"size":151.76022338867188,"orthographic":false}