{"cameraMode":{"drawMode":0,"name":"Shaded","section":"Shading Mode"},"sceneLighting":false,"audioPlay":false,"sceneViewState":{"m_AlwaysRefresh":true,"showFog":true,"showSkybox":false,"showFlares":true,"showImageEffects":true,"showParticleSystems":true,"showVisualEffectGraphs":true,"m_FxEnabled":true},"in2DMode":false,"pivot":{"x":521.5538330078125,"y":39.737735748291019,"z":-47.329559326171878},"rotation":{"x":-0.02578628808259964,"y":-0.03987894952297211,"z":0.0010295193642377854,"w":-0.9988715052604675},"size":352.0435791015625,"orthographic":false}